t_s,I_A,V_supply_V,TC1_C,TC2_C,TC3_C,TC4_C
2.0,0.0001,0.001,23.162,23.160,23.183,23.148
4.0,-0.0002,0.001,23.168,23.168,23.155,23.180
6.0,0.0001,-0.000,23.156,23.191,23.164,23.185
8.0,0.0004,-0.000,23.148,23.167,23.149,23.181
10.0,0.0003,-0.002,23.165,23.180,23.158,23.165
12.0,-0.0002,-0.001,23.154,23.137,23.152,23.165
14.0,0.0003,-0.002,23.135,23.149,23.176,23.146
16.0,-0.0000,0.001,23.173,23.160,23.178,23.159
18.0,-0.0003,-0.000,23.171,23.178,23.157,23.167
20.0,-0.0004,0.001,23.164,23.152,23.161,23.194
22.0,-0.0000,-0.004,23.160,23.168,23.150,23.150
24.0,-0.0003,0.001,23.155,23.145,23.173,23.157
26.0,-0.0002,-0.005,23.167,23.169,23.178,23.167
28.0,0.0000,0.004,23.152,23.160,23.212,23.171
30.0,0.0001,0.002,23.170,23.169,23.198,23.161
32.0,3.0006,18.509,23.578,23.178,23.186,23.189
34.0,3.0002,18.513,25.082,23.412,23.177,23.170
36.0,2.9994,18.516,26.599,23.968,23.276,23.161
38.0,3.0001,18.516,27.939,24.723,23.507,23.200
40.0,3.0000,18.515,29.138,25.505,23.817,23.289
42.0,3.0000,18.515,30.258,26.243,24.172,23.409
44.0,2.9997,18.515,31.270,26.974,24.595,23.580
46.0,3.0002,18.517,32.232,27.721,25.060,23.780
48.0,2.9998,18.517,33.137,28.413,25.538,23.998
50.0,3.0000,18.516,34.011,29.124,25.991,24.284
52.0,3.0002,18.511,34.830,29.821,26.473,24.526
54.0,2.9998,18.515,35.606,30.469,26.966,24.864
56.0,3.0003,18.511,36.358,31.107,27.435,25.169
58.0,2.9999,18.515,37.101,31.752,27.911,25.458
60.0,3.0000,18.517,37.809,32.380,28.391,25.801
62.0,2.9998,18.516,38.484,33.005,28.864,26.136
64.0,3.0001,18.517,39.158,33.594,29.348,26.465
66.0,3.0000,18.517,39.795,34.160,29.809,26.784
68.0,3.0001,18.520,40.425,34.699,30.268,27.176
70.0,3.0001,18.515,41.022,35.262,30.745,27.454
72.0,-0.0000,0.003,41.219,35.803,31.219,27.802
74.0,0.0003,-0.000,40.260,36.077,31.622,28.166
76.0,0.0003,-0.003,39.348,36.000,31.960,28.517
78.0,-0.0004,0.003,38.553,35.847,32.174,28.818
80.0,0.0002,0.001,37.885,35.580,32.319,29.098
82.0,0.0001,-0.002,37.318,35.307,32.385,29.319
84.0,-0.0000,0.001,36.827,35.028,32.377,29.501
86.0,0.0001,0.005,36.343,34.783,32.338,29.651
88.0,0.0002,0.002,35.957,34.544,32.325,29.741
90.0,0.0001,-0.005,35.627,34.324,32.252,29.835
92.0,-0.0000,0.002,35.310,34.088,32.156,29.888
94.0,0.0000,0.001,34.966,33.881,32.088,29.973
96.0,-0.0001,0.003,34.682,33.703,32.032,30.017
98.0,0.0000,-0.003,34.464,33.509,31.940,29.993
100.0,-0.0005,-0.002,34.198,33.323,31.865,29.996
102.0,0.0003,-0.002,33.954,33.151,31.747,29.995
104.0,-0.0000,-0.001,33.755,33.005,31.685,29.998
106.0,-0.0002,-0.002,33.538,32.808,31.611,29.987
108.0,-0.0002,0.003,33.382,32.671,31.529,29.971
110.0,0.0001,-0.002,33.209,32.518,31.433,29.954
112.0,0.0000,0.001,33.016,32.436,31.350,29.915
114.0,0.0000,-0.002,32.867,32.257,31.255,29.914
116.0,-0.0002,-0.001,32.715,32.163,31.191,29.903
118.0,-0.0001,-0.000,32.555,32.009,31.102,29.860
120.0,-0.0002,-0.001,32.412,31.944,31.034,29.815
122.0,0.0003,0.000,32.269,31.783,30.942,29.789
124.0,0.0003,0.002,32.183,31.707,30.887,29.788
126.0,-0.0001,-0.002,32.024,31.592,30.816,29.761
128.0,-0.0007,0.005,31.919,31.453,30.735,29.726
130.0,-0.0002,0.000,31.820,31.372,30.678,29.674
132.0,2.9995,18.516,32.106,31.297,30.631,29.660
134.0,3.0003,18.520,33.510,31.479,30.533,29.603
136.0,3.0000,18.516,34.942,31.973,30.604,29.573
138.0,3.0002,18.517,36.186,32.606,30.773,29.586
140.0,2.9998,18.516,37.307,33.268,31.000,29.648
142.0,2.9998,18.519,38.314,33.948,31.338,29.731
144.0,3.0000,18.518,39.209,34.667,31.683,29.852
146.0,3.0003,18.512,40.095,35.299,32.097,30.052
148.0,2.9996,18.517,40.956,35.955,32.478,30.246
150.0,3.0001,18.513,41.728,36.578,32.895,30.468
152.0,3.0002,18.520,42.470,37.173,33.337,30.688
154.0,3.0001,18.520,43.181,37.797,33.763,30.951
156.0,2.9998,18.519,43.844,38.370,34.203,31.241
158.0,3.0000,18.517,44.550,38.899,34.617,31.500
160.0,3.0000,18.516,45.166,39.487,35.068,31.788
162.0,3.0004,18.514,45.778,39.997,35.493,32.081
164.0,2.9996,18.515,46.353,40.561,35.884,32.406
166.0,2.9999,18.520,46.955,41.086,36.334,32.708
168.0,3.0001,18.515,47.515,41.585,36.775,33.032
170.0,3.0003,18.519,48.074,42.077,37.164,33.344
172.0,0.0004,0.001,48.178,42.565,37.580,33.640
174.0,-0.0000,-0.002,47.186,42.784,37.945,33.994
176.0,0.0002,-0.000,46.195,42.710,38.267,34.264
178.0,0.0004,0.002,45.370,42.453,38.455,34.555
180.0,-0.0004,-0.000,44.664,42.122,38.548,34.783
182.0,-0.0002,0.001,44.049,41.830,38.561,34.995
184.0,-0.0001,-0.000,43.493,41.523,38.520,35.173
186.0,0.0001,0.001,42.994,41.241,38.477,35.272
188.0,-0.0002,-0.001,42.537,40.917,38.373,35.312
190.0,-0.0003,0.001,42.117,40.661,38.295,35.401
192.0,0.0002,-0.001,41.753,40.375,38.180,35.419
194.0,-0.0006,-0.000,41.403,40.141,38.058,35.433
196.0,-0.0006,0.001,41.073,39.889,37.951,35.467
198.0,0.0001,0.002,40.777,39.653,37.838,35.467
200.0,-0.0006,-0.001,40.479,39.437,37.718,35.440
202.0,-0.0003,0.002,40.208,39.220,37.590,35.418
204.0,-0.0003,-0.001,39.957,39.034,37.501,35.386
206.0,0.0001,0.003,39.734,38.857,37.348,35.355
208.0,0.0004,0.001,39.509,38.641,37.226,35.358
210.0,0.0002,-0.001,39.275,38.514,37.148,35.255
212.0,-0.0004,-0.001,39.085,38.322,37.003,35.235
214.0,-0.0000,-0.003,38.892,38.147,36.894,35.188
216.0,0.0001,0.004,38.689,38.030,36.769,35.118
218.0,-0.0000,-0.002,38.513,37.837,36.658,35.091
220.0,0.0006,-0.001,38.341,37.712,36.561,35.049
222.0,0.0002,-0.000,38.154,37.557,36.486,34.988
224.0,-0.0002,-0.001,38.012,37.408,36.369,34.926
226.0,-0.0001,-0.003,37.838,37.298,36.284,34.882
228.0,0.0005,0.002,37.696,37.158,36.178,34.823
230.0,0.0002,-0.002,37.540,37.057,36.111,34.771
232.0,1.9999,12.350,37.605,36.942,35.997,34.726
234.0,1.9995,12.340,38.168,36.933,35.877,34.628
236.0,1.9997,12.339,38.674,37.045,35.884,34.604
238.0,2.0000,12.344,39.102,37.249,35.889,34.579
240.0,1.9996,12.341,39.586,37.457,35.920,34.561
242.0,2.0003,12.343,39.937,37.684,35.993,34.531
244.0,1.9999,12.347,40.263,37.962,36.104,34.571
246.0,1.9999,12.345,40.602,38.166,36.221,34.608
248.0,2.0000,12.342,40.882,38.382,36.348,34.641
250.0,1.9998,12.341,41.147,38.598,36.502,34.714
252.0,2.0001,12.343,41.425,38.798,36.648,34.805
254.0,1.9996,12.346,41.671,38.993,36.762,34.884
256.0,2.0003,12.345,41.906,39.228,36.887,34.978
258.0,2.0000,12.343,42.138,39.378,37.084,35.068
260.0,1.9997,12.346,42.363,39.583,37.201,35.130
262.0,2.0003,12.342,42.586,39.774,37.325,35.222
264.0,2.0002,12.343,42.780,39.991,37.496,35.321
266.0,1.9995,12.345,42.970,40.121,37.633,35.430
268.0,2.0005,12.348,43.163,40.343,37.760,35.588
270.0,1.9996,12.341,43.354,40.489,37.899,35.666
272.0,2.0003,12.343,43.494,40.610,38.050,35.739
274.0,1.9999,12.345,43.708,40.807,38.215,35.837
276.0,2.0002,12.342,43.863,40.985,38.314,35.958
278.0,2.0001,12.346,44.049,41.111,38.454,36.090
280.0,2.0008,12.343,44.219,41.285,38.588,36.205
282.0,2.0000,12.342,44.390,41.444,38.704,36.255
284.0,2.0004,12.346,44.558,41.601,38.869,36.426
286.0,2.0001,12.341,44.710,41.730,38.979,36.521
288.0,2.0000,12.343,44.861,41.869,39.127,36.644
290.0,1.9996,12.343,45.007,42.030,39.277,36.742
292.0,2.0004,12.345,45.162,42.147,39.371,36.815
294.0,1.9998,12.346,45.322,42.324,39.503,36.945
296.0,2.0003,12.342,45.442,42.416,39.619,37.047
298.0,1.9998,12.338,45.583,42.584,39.750,37.196
300.0,1.9999,12.344,45.753,42.733,39.878,37.286
302.0,2.0003,12.347,45.900,42.852,39.994,37.397
304.0,1.9997,12.342,46.015,42.977,40.106,37.495
306.0,2.0002,12.345,46.170,43.107,40.232,37.591
308.0,2.0001,12.342,46.302,43.243,40.349,37.735
310.0,1.9994,12.346,46.417,43.377,40.485,37.798
312.0,2.0003,12.347,46.578,43.519,40.594,37.931
314.0,1.9999,12.344,46.689,43.638,40.707,38.025
316.0,1.9998,12.343,46.864,43.767,40.856,38.127
318.0,1.9996,12.344,46.962,43.894,40.961,38.238
320.0,1.9995,12.343,47.076,43.987,41.074,38.351
322.0,1.9998,12.346,47.184,44.119,41.155,38.459
324.0,1.9992,12.343,47.335,44.267,41.279,38.537
326.0,1.9996,12.341,47.469,44.377,41.420,38.655
328.0,2.0000,12.346,47.619,44.464,41.537,38.788
330.0,2.0003,12.345,47.682,44.623,41.640,38.884
332.0,-0.0000,0.001,47.682,44.741,41.747,38.993
334.0,0.0001,0.002,47.070,44.715,41.865,39.046
336.0,-0.0001,0.001,46.575,44.582,41.932,39.162
338.0,-0.0005,-0.002,46.070,44.400,41.911,39.273
340.0,-0.0004,-0.005,45.648,44.196,41.909,39.317
342.0,-0.0010,0.003,45.282,43.948,41.847,39.372
344.0,-0.0001,-0.000,44.937,43.723,41.760,39.425
346.0,-0.0003,0.000,44.644,43.517,41.676,39.385
348.0,-0.0000,-0.002,44.322,43.335,41.601,39.417
350.0,0.0001,-0.001,44.063,43.079,41.469,39.375
352.0,0.0002,-0.001,43.810,42.926,41.373,39.348
354.0,0.0001,-0.001,43.561,42.743,41.274,39.285
356.0,0.0002,-0.001,43.368,42.544,41.163,39.303
358.0,0.0002,-0.001,43.187,42.412,41.027,39.268
360.0,0.0001,-0.002,42.961,42.222,40.973,39.233
362.0,0.0002,-0.001,42.735,42.046,40.831,39.153
364.0,0.0001,0.001,42.547,41.908,40.712,39.082
366.0,0.0004,0.004,42.403,41.738,40.596,39.041
368.0,0.0003,-0.000,42.260,41.623,40.500,38.983
370.0,-0.0000,-0.002,42.068,41.469,40.398,38.941
372.0,0.0003,0.003,41.880,41.333,40.307,38.876
374.0,-0.0002,0.001,41.735,41.173,40.231,38.836
376.0,0.0003,-0.001,41.620,41.064,40.139,38.758
378.0,0.0003,-0.001,41.471,40.904,40.001,38.681
380.0,-0.0002,-0.001,41.317,40.841,39.927,38.631
382.0,0.0003,0.001,41.186,40.696,39.804,38.590
384.0,0.0005,-0.005,41.060,40.581,39.705,38.497
386.0,-0.0000,0.000,40.938,40.434,39.652,38.442
388.0,0.0002,0.002,40.835,40.358,39.531,38.398
390.0,-0.0002,-0.001,40.684,40.257,39.490,38.322
392.0,-0.0001,0.000,40.560,40.140,39.403,38.269
394.0,-0.0000,0.000,40.449,40.041,39.293,38.247
396.0,-0.0002,0.000,40.364,39.931,39.230,38.162
398.0,-0.0001,-0.002,40.253,39.839,39.162,38.100
400.0,-0.0001,-0.001,40.143,39.750,39.061,38.016
402.0,0.0002,0.002,40.027,39.666,39.008,37.985
404.0,0.0002,-0.003,39.953,39.563,38.909,37.900
406.0,-0.0002,-0.001,39.856,39.444,38.809,37.886
408.0,0.0005,-0.002,39.748,39.414,38.741,37.786
410.0,-0.0003,0.003,39.648,39.320,38.649,37.749
412.0,0.0003,-0.002,39.570,39.237,38.601,37.670
414.0,0.0001,0.001,39.491,39.143,38.555,37.651
416.0,-0.0006,-0.001,39.399,39.056,38.460,37.616
418.0,-0.0007,-0.000,39.296,38.977,38.394,37.527
420.0,0.0003,-0.002,39.187,38.895,38.322,37.479
